[
  {
    "name": "Create Channel",
    "description": "Create a channel in the server",
    "command": "createchannel",
    "syntax": "++createchannel <#channelName (no spaces)>",
    "example": "++createchannel new-channel"
  },
  {
    "name": "Delete Channel",
    "description": "Delete a channel from the server",
    "command": "delchannel",
    "syntax": "++delchannel <#channelMention>",
    "example": "++delchannel"
  },
  {
    "name": "Create Role",
    "description": "Create a (mentionable) role either with a specified color or with default.",
    "command": "createrole",
    "syntax": "++createrole <roleName (no spaces)> <color>",
    "example": "++createrole new-role pink"
  },
  {
    "name": "Delete Role",
    "description": "Delete a role",
    "command": "delrole",
    "syntax": "++delrole <@roleMention>",
    "example": "++delrole @new-role"
  },
  {
    "name": "Rename Role",
    "description": "Rename a role",
    "command": "renrole",
    "syntax": "++renrole <@roleMention> <new name>",
    "example": "++renrole @new-role anotherRole"
  },
  {
    "name": "Bulk DM",
    "description": "Send the same message to multiple members (or every member) of the server as a direct message",
    "command": "bulkdm",
    "syntax": "++bulkdm <message> <@memberMention>",
    "example": "++bulkdm Howdy! @member1 @member2 @member5 \n ++bulkdm Howdy! @everyone"
  },
  {
    "name": "Kick Member",
    "description": "Kick a member from the server",
    "command": "kick",
    "syntax": "++kick <@memberMention>",
    "example": "++kick @member"
  },
  {
    "name": "Ban Member",
    "description": "Ban a member from a server",
    "command": "ban",
    "syntax": "++ban <@memberMention>",
    "example": "++ban @member"
  },
  {
    "name": "Warn Member",
    "description": "Warn a member with a warning message in the channel as well as a direct message",
    "command": "warn",
    "syntax": "++warn <@memberMention> <reason>",
    "example": "++warn @member spamming"
  },
  {
    "name": "Purge",
    "description": "Bulk delete messages upto 100 under 14 days old",
    "command": "purge",
    "syntax": "++purge <count>",
    "example": "++purge 15"
  },
  {
    "name": "Set",
    "description": "Change server settings. Commands include:\n`filter`\n`memberlog`\n`serverlog`\n`prefix`\n`autorole`\n`autowelcome`",
    "command": "set",
    "syntax": "set <config name> <config type> <additional arguments>",
    "example": "set filter links #channel true\nset filter invites #channel false```\n```set memberlog true```\n```set serverlog true```\n```set prefix !\n```set autorole @role```\n```set autowelcome true```"
  },
  {
    "name": "Settings",
    "description": "Get current settings for the server",
    "command": "settings",
    "syntax": "++settings",
    "example": "++settings"
  },
  {
    "name": "Init",
    "description": "Reset all server settings for Terone",
    "command": "init",
    "syntax": "++init",
    "example": "++init"
  },
  {
    "name": "Welcome",
    "description": "Welcome an existing member (new members are automatically welcomed)",
    "command": "welcome",
    "syntax": "++welcome <@membermention>",
    "example": "++welcome @member"
  },
  {
    "name": "Say",
    "description": "Make me say something on the channel",
    "command": "say",
    "syntax": "++say <message>",
    "example": "++say Hey there!"
  },
  {
    "name": "Translate",
    "description": "Translate a given word/sentence to most languages",
    "command": "translate",
    "syntax": "++translate <sourceLanguageName (use 'auto' if unknown)> <targetLanguageName> <string> ",
    "example": "++translate english spanish Hello \n\n++translate auto spanish Hello"
  },
  {
    "name": "Weather",
    "description": "Get the weather of almost any location",
    "command": "weather",
    "syntax": "++weather <temperatureUnit (C/F)> <location w/out country code>",
    "example": "++weather c new york"
  },
  {
    "name": "Avatar",
    "description": "Get the avatar of a member",
    "command": "avatar",
    "syntax": "++avatar <member mention>",
    "example": "++avatar @member"
  },
  {
    "name": "Contact Support",
    "description": "Request support from official Terone staff",
    "command": "contactsupport",
    "syntax": "<++contactsupport>",
    "example": "++contactsupport"
  },
  {
    "name": "Cancel Support",
    "description": "Cancel support request",
    "command": "cancelsupport",
    "syntax": "<++cancelsupport>",
    "example": "++cancelsupport"
  }
]